﻿<?xml version="1.0" encoding="utf-8" standalone="yes"?>
<yardkeeper>
	<scheduler>
		<rules>
			<rule>
				<type></type>
				<category></category>
				<specifics></specifics>
			</rule>
			<rule>
				<type></type>
				<category></category>
				<specifics></specifics>
			</rule>			
			<rule>
				<type></type>
				<category></category>
				<specifics></specifics>
			</rule>
			<rule>
				<type></type>
				<category></category>
				<specifics></specifics>
			</rule>			
		</rules>
	</scheduler>
</yardkeeper>