<?xml version="1.0"?>
<employee_info><item0><uuid>bd2f820f-2c56-3f0f-bb9a-294cc10341a6</uuid><firstName>Meda</firstName><lastName>Dare</lastName><streetAddress>8696 Hane Vista Suite 346</streetAddress><postcode>40652</postcode><country>England</country></item0><item1><uuid>757a8551-eadd-3c21-87cc-07606e4e101c</uuid><firstName>Jaida</firstName><lastName>Wilderman</lastName><streetAddress>0401 Franecki River</streetAddress><postcode>69097</postcode><country>England</country></item1><item2><uuid>cb429a36-d1f2-38cb-ac8b-f9132969ef26</uuid><firstName>Berenice</firstName><lastName>Ledner</lastName><streetAddress>625 Raynor Motorway</streetAddress><postcode>99762-5797</postcode><country>England</country></item2><item3><uuid>5fc3c75e-bcd2-3898-aa42-d78118ec6153</uuid><firstName>Velma</firstName><lastName>Satterfield</lastName><streetAddress>378 Gutmann Haven Suite 337</streetAddress><postcode>37177</postcode><country>England</country></item3><item4><uuid>90a4804d-7fa2-3790-b9af-8244da8220e8</uuid><firstName>Golden</firstName><lastName>Schulist</lastName><streetAddress>77194 Phoebe Stravenue</streetAddress><postcode>38291-7483</postcode><country>England</country></item4><item5><uuid>bef505d7-d6af-3478-994d-2c06804ea68a</uuid><firstName>Tremaine</firstName><lastName>Buckridge</lastName><streetAddress>2128 Auer Spur Apt. 339</streetAddress><postcode>10283-1504</postcode><country>England</country></item5><item6><uuid>88b58cf2-7471-3664-9e0d-4463eaf931a6</uuid><firstName>Alessandro</firstName><lastName>Lueilwitz</lastName><streetAddress>748 Kiehn Crescent Apt. 544</streetAddress><postcode>28205-8922</postcode><country>England</country></item6><item7><uuid>314211cc-ed83-3816-a712-fb31d3a0cb09</uuid><firstName>Mariane</firstName><lastName>Dicki</lastName><streetAddress>215 Hamill Cove</streetAddress><postcode>73166-3268</postcode><country>England</country></item7><item8><uuid>8f9aa886-7942-3210-8da2-ca8d55fa4559</uuid><firstName>Dayne</firstName><lastName>Collier</lastName><streetAddress>6388 Howe Road</streetAddress><postcode>62793-0328</postcode><country>England</country></item8><item9><uuid>9becdebb-faed-3a5c-b143-4043ed5f494e</uuid><firstName>Wyatt</firstName><lastName>Conroy</lastName><streetAddress>137 Kacie Mall</streetAddress><postcode>14160-1288</postcode><country>England</country></item9><item10><uuid>c2e5140e-4f4c-360a-8f24-6df67fb612b2</uuid><firstName>Hosea</firstName><lastName>Miller</lastName><streetAddress>842 Jaskolski Circles</streetAddress><postcode>43824</postcode><country>England</country></item10><item11><uuid>9850b87b-e3ea-33c6-b86c-262c89940a6d</uuid><firstName>Pedro</firstName><lastName>Torp</lastName><streetAddress>78524 Schuyler Lake</streetAddress><postcode>81446</postcode><country>England</country></item11><item12><uuid>7cb95f26-1507-3787-bd2c-0bf889e9f07e</uuid><firstName>Cody</firstName><lastName>Larkin</lastName><streetAddress>757 Mose Mill Suite 196</streetAddress><postcode>86764-5935</postcode><country>England</country></item12><item13><uuid>8fc2c36b-ea5c-38c7-8a12-a96768eea524</uuid><firstName>Alba</firstName><lastName>Nolan</lastName><streetAddress>15963 Durgan Shoal</streetAddress><postcode>61701</postcode><country>England</country></item13><item14><uuid>375b2b85-0d86-36a9-acd0-722164364d1e</uuid><firstName>Rosamond</firstName><lastName>Nicolas</lastName><streetAddress>143 Daphne Union Apt. 196</streetAddress><postcode>81016-8574</postcode><country>England</country></item14><item15><uuid>7aba773a-047e-3ac9-a4e0-0624ad8d31fd</uuid><firstName>Green</firstName><lastName>Hessel</lastName><streetAddress>55135 Gusikowski Turnpike</streetAddress><postcode>54091</postcode><country>England</country></item15><item16><uuid>512c576c-7d80-3435-99c3-4d57d7ad29d9</uuid><firstName>Adah</firstName><lastName>Murray</lastName><streetAddress>5143 Alphonso Ports Apt. 038</streetAddress><postcode>93657-9749</postcode><country>England</country></item16><item17><uuid>488bddfc-ceb9-31aa-b359-c8f1d37bfa11</uuid><firstName>Odie</firstName><lastName>Ankunding</lastName><streetAddress>5758 Destany Mission Apt. 832</streetAddress><postcode>52515</postcode><country>England</country></item17><item18><uuid>c68e654c-1752-34c3-8412-d0f58572c096</uuid><firstName>Buddy</firstName><lastName>Crist</lastName><streetAddress>4689 Greyson Union</streetAddress><postcode>76853</postcode><country>England</country></item18><item19><uuid>d84e7e8d-6243-34d7-ab0f-5531fe45d7d1</uuid><firstName>Wilhelmine</firstName><lastName>Daugherty</lastName><streetAddress>7076 Rhea Court</streetAddress><postcode>53721</postcode><country>England</country></item19><item20><uuid>1d2329ee-143d-377e-8e24-7ccd0b388b67</uuid><firstName>Anahi</firstName><lastName>Russel</lastName><streetAddress>635 Hailie Burgs Apt. 151</streetAddress><postcode>47206</postcode><country>England</country></item20><item21><uuid>7491dd91-ecc3-3335-af7f-6d4af13d5cbb</uuid><firstName>Evelyn</firstName><lastName>Bahringer</lastName><streetAddress>6049 Runte Camp Suite 780</streetAddress><postcode>94990-4626</postcode><country>England</country></item21><item22><uuid>92c4a0c1-2d34-3b6b-b8c3-75dce29d1164</uuid><firstName>Julia</firstName><lastName>Hayes</lastName><streetAddress>64550 Amparo Port</streetAddress><postcode>32236</postcode><country>England</country></item22><item23><uuid>18f6a105-d500-3076-9cd9-df4508d63197</uuid><firstName>Gertrude</firstName><lastName>Pouros</lastName><streetAddress>22245 O'Reilly Circle Suite 211</streetAddress><postcode>52445</postcode><country>England</country></item23><item24><uuid>54286b5e-ef52-34c1-b6cb-cbd7cf6f675f</uuid><firstName>Roel</firstName><lastName>Bruen</lastName><streetAddress>5704 Douglas Neck</streetAddress><postcode>14185</postcode><country>England</country></item24><item25><uuid>e1ab571b-660c-3d30-bca6-47ea6e9b3814</uuid><firstName>Michael</firstName><lastName>Wisozk</lastName><streetAddress>1208 Cormier Lights Apt. 096</streetAddress><postcode>08550-6887</postcode><country>England</country></item25><item26><uuid>bc8ac986-d75c-3b99-a64c-e2ae0685f6a3</uuid><firstName>Kay</firstName><lastName>Stiedemann</lastName><streetAddress>9990 Stamm Plains Apt. 872</streetAddress><postcode>13354</postcode><country>England</country></item26><item27><uuid>c6f37a0c-42a4-3b18-8c81-da2541b462ed</uuid><firstName>Leila</firstName><lastName>Sipes</lastName><streetAddress>980 Green Land Apt. 672</streetAddress><postcode>75434</postcode><country>England</country></item27><item28><uuid>b0a4979d-44b5-328f-bc80-80181d62f790</uuid><firstName>Adrianna</firstName><lastName>Russel</lastName><streetAddress>129 Joanie Island</streetAddress><postcode>41582-9508</postcode><country>England</country></item28><item29><uuid>39610e54-01e7-3ca5-8bc1-ffa7da9b9cf9</uuid><firstName>Jalon</firstName><lastName>Hickle</lastName><streetAddress>796 Ruben Track</streetAddress><postcode>47501-7172</postcode><country>England</country></item29><item30><uuid>96b3367b-e97e-33d8-b2a6-61cd840f2716</uuid><firstName>Mohammad</firstName><lastName>Swaniawski</lastName><streetAddress>30226 Candice Road</streetAddress><postcode>84291-9917</postcode><country>England</country></item30><item31><uuid>a959efe4-9ad3-31fd-b5f2-e0eec3000010</uuid><firstName>Michael</firstName><lastName>Wilkinson</lastName><streetAddress>0653 Unique Plain</streetAddress><postcode>77283</postcode><country>England</country></item31><item32><uuid>bfb5f650-5ac8-3d17-a3ac-772f6f02218b</uuid><firstName>Lyla</firstName><lastName>Davis</lastName><streetAddress>91228 White Extensions</streetAddress><postcode>21154</postcode><country>England</country></item32><item33><uuid>b7da6386-a6f1-3dcd-92eb-4baa4e29ed42</uuid><firstName>Alysha</firstName><lastName>Rempel</lastName><streetAddress>516 Greenfelder Glen Suite 978</streetAddress><postcode>45786-0087</postcode><country>England</country></item33><item34><uuid>589fe296-a6b2-357b-a679-be9859f3ff32</uuid><firstName>Danial</firstName><lastName>Bartell</lastName><streetAddress>7645 Mose Estate</streetAddress><postcode>01481</postcode><country>England</country></item34><item35><uuid>ce3635eb-421b-33f8-bda2-955817531727</uuid><firstName>Ephraim</firstName><lastName>Kuhic</lastName><streetAddress>676 Abshire Course</streetAddress><postcode>70100-8417</postcode><country>England</country></item35><item36><uuid>2945a854-9089-38e6-a00f-abb98c28678f</uuid><firstName>Renee</firstName><lastName>Hammes</lastName><streetAddress>3583 Ezequiel Summit Apt. 061</streetAddress><postcode>45359-2367</postcode><country>England</country></item36><item37><uuid>38756665-4ff3-3189-a18f-975fa9b60f21</uuid><firstName>Buck</firstName><lastName>O'Connell</lastName><streetAddress>133 Diamond Landing</streetAddress><postcode>72003-1783</postcode><country>England</country></item37><item38><uuid>99211085-8668-3e1f-bf38-eb503c44faee</uuid><firstName>Kaela</firstName><lastName>Muller</lastName><streetAddress>51270 Myron Valleys</streetAddress><postcode>57437-5797</postcode><country>England</country></item38><item39><uuid>aedaac9d-57c5-3233-b0c0-b9e2dea33758</uuid><firstName>Icie</firstName><lastName>Shields</lastName><streetAddress>372 Strosin Pike Apt. 178</streetAddress><postcode>28957-3628</postcode><country>England</country></item39><item40><uuid>ab36707f-422c-325a-9522-7de265ebf7c8</uuid><firstName>Deonte</firstName><lastName>Shields</lastName><streetAddress>902 Gislason Canyon</streetAddress><postcode>77527-9159</postcode><country>England</country></item40><item41><uuid>e3dae146-c996-310f-9582-e2ccc1d4e587</uuid><firstName>Freddie</firstName><lastName>Olson</lastName><streetAddress>446 Vladimir Trace Apt. 647</streetAddress><postcode>42031-2965</postcode><country>England</country></item41><item42><uuid>887e5494-6947-3867-a18b-bc2263f536c5</uuid><firstName>Hoyt</firstName><lastName>Heathcote</lastName><streetAddress>76878 Miller Flat Suite 486</streetAddress><postcode>43836-8245</postcode><country>England</country></item42><item43><uuid>3929e28f-8e3a-39cd-b60e-f30af6924203</uuid><firstName>Chloe</firstName><lastName>Steuber</lastName><streetAddress>5875 Runolfsson Way Apt. 880</streetAddress><postcode>16973</postcode><country>England</country></item43><item44><uuid>0f50c57b-9a7c-3d0e-b590-26d3ebcaab7d</uuid><firstName>Michaela</firstName><lastName>Schuster</lastName><streetAddress>2426 Padberg Bridge</streetAddress><postcode>44926</postcode><country>England</country></item44><item45><uuid>f7193d9b-31bd-370e-8cc4-65da52b250c1</uuid><firstName>Clay</firstName><lastName>Gutmann</lastName><streetAddress>27383 Walter Brooks</streetAddress><postcode>56022</postcode><country>England</country></item45><item46><uuid>4d36fd03-0e35-3014-9ce8-76ca6cc9ad98</uuid><firstName>Deon</firstName><lastName>Jenkins</lastName><streetAddress>6321 Noemy Parkways</streetAddress><postcode>78999-3598</postcode><country>England</country></item46><item47><uuid>ec2ef1bb-ef4c-3321-b810-9fa4a6be374f</uuid><firstName>Sonia</firstName><lastName>Lueilwitz</lastName><streetAddress>800 McClure Pines</streetAddress><postcode>67643</postcode><country>England</country></item47><item48><uuid>87f2ee8d-1ad1-3da4-a917-30df4451cf93</uuid><firstName>Clyde</firstName><lastName>Nader</lastName><streetAddress>79965 Stokes Forest</streetAddress><postcode>40368</postcode><country>England</country></item48><item49><uuid>7803b15d-282e-38ea-bbf8-970759df2a34</uuid><firstName>Rachelle</firstName><lastName>Donnelly</lastName><streetAddress>853 Fritsch Pike</streetAddress><postcode>75483</postcode><country>England</country></item49><item50><uuid>bd2e0939-99f6-31e4-9266-f2ce629dab54</uuid><firstName>Cynthia</firstName><lastName>Trantow</lastName><streetAddress>38037 Vincent Branch Apt. 939</streetAddress><postcode>10690</postcode><country>England</country></item50><item51><uuid>c5c78020-4bfa-3f83-89b9-cae275d9e391</uuid><firstName>Lenny</firstName><lastName>Wuckert</lastName><streetAddress>6561 Pagac Plains Apt. 116</streetAddress><postcode>03960-1025</postcode><country>England</country></item51><item52><uuid>e3e45085-19eb-3506-89c8-6b280cdda9ec</uuid><firstName>Tad</firstName><lastName>Kutch</lastName><streetAddress>884 Maximilian Springs Apt. 849</streetAddress><postcode>67914-7109</postcode><country>England</country></item52><item53><uuid>f0d9380c-9d1c-3d8f-b71d-0d337519e80e</uuid><firstName>Eve</firstName><lastName>Bode</lastName><streetAddress>556 Stefanie Well Apt. 869</streetAddress><postcode>70625</postcode><country>England</country></item53><item54><uuid>71ccd211-b0c1-300d-b2ee-d8a57e0a51e6</uuid><firstName>Anderson</firstName><lastName>Schimmel</lastName><streetAddress>17581 Rath Brooks</streetAddress><postcode>50288</postcode><country>England</country></item54><item55><uuid>c7b2adc8-b005-37bd-9c8d-1220c68e5bb2</uuid><firstName>Mohammad</firstName><lastName>Fahey</lastName><streetAddress>11612 Nikki Centers</streetAddress><postcode>17531-3677</postcode><country>England</country></item55><item56><uuid>e9b0b68e-8cb6-3626-950f-24bd8a623d41</uuid><firstName>Lavina</firstName><lastName>Johnson</lastName><streetAddress>0003 Ratke Cape</streetAddress><postcode>02354</postcode><country>England</country></item56><item57><uuid>43838420-367e-3bf8-a0e8-dc8c737f320a</uuid><firstName>Arno</firstName><lastName>Kihn</lastName><streetAddress>95661 Franco Glens Apt. 550</streetAddress><postcode>63708</postcode><country>England</country></item57><item58><uuid>1311f0dd-c0ff-3865-96f6-1708ebb64012</uuid><firstName>Veda</firstName><lastName>Schmeler</lastName><streetAddress>85299 Keanu Knolls</streetAddress><postcode>28492-0745</postcode><country>England</country></item58><item59><uuid>d156afdc-1e28-3387-a662-670fdc6d25eb</uuid><firstName>Jolie</firstName><lastName>Grimes</lastName><streetAddress>1544 Myriam Vista</streetAddress><postcode>42385</postcode><country>England</country></item59><item60><uuid>f5b54fe0-ac53-3fb7-852f-4667f798bc51</uuid><firstName>Kaylee</firstName><lastName>Feest</lastName><streetAddress>49261 Hoppe Garden Suite 095</streetAddress><postcode>99417-3477</postcode><country>England</country></item60><item61><uuid>034e64d1-0ad9-3aee-9d64-6b4e4be9cf68</uuid><firstName>Stefanie</firstName><lastName>Jerde</lastName><streetAddress>316 Schoen Ramp Suite 071</streetAddress><postcode>83360-8278</postcode><country>England</country></item61><item62><uuid>925ff516-c87b-30ec-a54d-1218c70d7c28</uuid><firstName>Jevon</firstName><lastName>McDermott</lastName><streetAddress>5680 Walsh Road</streetAddress><postcode>30384</postcode><country>England</country></item62><item63><uuid>885624ac-78bb-3c7b-a709-00b1a7ff94d1</uuid><firstName>Kip</firstName><lastName>Koss</lastName><streetAddress>62768 Lizzie Harbor Suite 902</streetAddress><postcode>81025</postcode><country>England</country></item63><item64><uuid>76925822-134e-32af-adfa-84f738595747</uuid><firstName>Garry</firstName><lastName>Sauer</lastName><streetAddress>483 Drake Loop</streetAddress><postcode>48999</postcode><country>England</country></item64><item65><uuid>ae1c26fc-505b-3a56-9e07-2d8550296613</uuid><firstName>Nichole</firstName><lastName>Breitenberg</lastName><streetAddress>76270 Rozella Oval</streetAddress><postcode>55563-1731</postcode><country>England</country></item65><item66><uuid>c03f3708-d7f5-3104-9a12-e5832bccba7e</uuid><firstName>Bettye</firstName><lastName>Rolfson</lastName><streetAddress>7141 Streich Circle</streetAddress><postcode>45736</postcode><country>England</country></item66><item67><uuid>60e54727-7660-3261-ad0a-7178bc711222</uuid><firstName>Magdalena</firstName><lastName>Crona</lastName><streetAddress>018 Terrance Oval Suite 289</streetAddress><postcode>05001-8114</postcode><country>England</country></item67><item68><uuid>e44035eb-207c-3df0-9c2d-f0ebae7464bf</uuid><firstName>Vaughn</firstName><lastName>Terry</lastName><streetAddress>93186 Nikolaus Mountains</streetAddress><postcode>75912</postcode><country>England</country></item68><item69><uuid>f25fb24f-a295-3ee8-b40c-ddbd223d7730</uuid><firstName>Jason</firstName><lastName>Frami</lastName><streetAddress>451 Murphy Locks</streetAddress><postcode>62904-5206</postcode><country>England</country></item69></employee_info>
